<?xml version="1.0" encoding="UTF-8"?>
<project-private xmlns="http://www.netbeans.org/ns/project-private/1">
    <editor-bookmarks xmlns="http://www.netbeans.org/ns/editor-bookmarks/2" lastBookmarkId="0"/>
    <open-files xmlns="http://www.netbeans.org/ns/projectui-open-files/2">
        <group>
            <file>file:/F:/netbean_project/entity/src/ui/SearchUI.java</file>
            <file>file:/F:/netbean_project/entity/src/mainapp/Main.java</file>
            <file>file:/F:/netbean_project/entity/src/ui/DeleteUI.java</file>
            <file>file:/F:/netbean_project/entity/src/db/Customer.java</file>
            <file>file:/F:/netbean_project/entity/src/db/ConnectionFactory.java</file>
            <file>file:/F:/netbean_project/entity/src/ui/UpdateUI.java</file>
            <file>file:/F:/netbean_project/entity/src/ui/MainUI.java</file>
            <file>file:/F:/netbean_project/entity/src/ui/insUI.java</file>
        </group>
    </open-files>
</project-private>
